INSERT INTO Thematics (id,name)  VALUES
("1a9a2bdc-3a1c-445c-9d5a-e9a643f3baf1", "JavaScript"),
("465365a1-c680-4165-908c-862c05e3ac4a", "HTML"),
("77ab6eb2-9f16-470d-bb9c-90d37ed2979d", "CSS"),
("bc4e7051-149e-475f-ac33-2394565be645", "Node"),
("1689c313-c7af-497a-b05f-b376c773b038", "React"),
("8aab25b9-6fa6-4c20-985d-0576e6429be2","Bases de Datos"),
("eeb2feb9-31c0-4eed-a6da-70ba875c8269", "Angular"),
("48s502ff-8b0b-4c9a-a594-5cb22550c7c8","Docker"),
("6e928ef1-7a87-4828-ac70-27172515aec1","VUE"),
("db199630-c1bb-4f62-8a06-e83db045f58a","Java");


INSERT INTO Cities (id,name)  VALUES
("5a3837fb-b4da-4550-b177-9c30c505cd52"," A Coruña"),
("5c66391c-3ae0-4bc9-8309-b275f0687ca7","Madrid"),
("31cd9f5s-a7f2-42b9-8c6b-13a39ae7ccdf","Barcelona"),
("e5cdce3v-8ff2-442c-8e3e-dba89a476131","Sevilla"),
("cbea7938-7726-4069-8995-9cf4f8d9988d","Valencia"),
("0581d1e3-d770-4c3c-9f7e-fe8e54a446d1","Asturias"),
("347758a4-c11b-4878-9ebb-d61f2d32da7d","Ibiza"),
("759d32c2-08cf-47b6-9cf6-8467df65a1f7","Leon");


INSERT INTO Users (id,email,password) VALUES 
("8d58cfa8-c52d-4e7b-b7c5-49ce8a470f50","rodrigo23@mailinator.com","123456"),
("55889b51-badc-4a24-b4ad-d9c7b72509a1","angel1991@mailinator.com","123456"),
("6071f566-64e3-45e8-aca8-aeec18ff2249","marialugo@mailinator.com","123456"),
("f9177025-7391-426b-a0b3-6326b899cae1","rebecadeguzman@mailinator.com","123456"),
("032d9a72-9799-4777-80b4-18dd870e6f90","lucíagonzalezprieto@mailinator.com","123456"),
("e9d6892d-b198-48d6-acaf-67b15731895e","anselmodecoimbra12@mailinator.com","123456"),
("521b2ce8-427f-4eaf-bb1b-7c670cd4d1de","aaron_extremadura@mailinator.com","123456"),
("0949a141-0f30-46a7-9e35-04b9ede4fe8d","silviarodgz_1991@mailinator.com","123456"),
("6b6e1b63-fb6e-439f-a079-0d77ad543349","santiago_santi@mailinator.com","123456"),
("c1a62c7d-cdf1-49de-a9f9-ca4da8673dfc","patricio_12_@mailinator.com","123456"),
("5fd2ce85-9a2f-4c09-beff-a513e8c3ad42","marta_morenita58@mailinator.com","123456"),
("bbd66057-3de8-4c3c-a517-489428d6576b","romina_carballa22@mailinator.com","123456"),
("b1814bcc-bb6c-4270-88ee-d70d3e0b9673","pedro_historiador@mailinator.com","123456"),
("989749b5-3841-4e4b-88e3-52208bb5faf3","lara_cambre@mailinator.com","123456"),
("96b031e6-808f-4874-b2d4-17ded3ad3c31","lisita2001@mailinator.com","123456"),
("907b8a52-93d8-4538-bdbb-32778ffec375","1993_hector@mailinator.com","123456"),
("f4e449e9-7f05-428d-8fa3-ea274549361b","victoria_vicky@mailinator.com","123456"),
("2e49b94e-75f8-41b3-8d7d-2d1c12f6d172","fernandez_yago@mailinator.com","123456"),
("4f81ee62-241d-44f7-ad50-7ba95c803995","lucioelectronica1987@mailinator.com","123456"),
("7d82e748-e5d1-457c-ab91-1db48c46747d","soledad_lasole@mailinator.com","123456"),
("6bbd5504-d7f4-4b0b-9c90-69f383d31e06","daniel_depedro@mailinator.com","123456"),
("1f8e8644-7cfc-44a4-8a2b-e140574ef963","sandra_san@mailinator.com","123456"),
("56d7e477-ebef-4b88-8c69-b4e5a87381ff","mara39@mailinator.com","123456"),
("4d0094b6-0005-4b00-bf05-02c1cbfc4e77","josemanuel1992@mailinator.com","123456");


INSERT INTO Profiles (user_id,name,age,position,aboutMe,link_url,avatar_url) VALUES
("8d58cfa8-c52d-4e7b-b7c5-49ce8a470f50","Rodrigo","23","experto en bases de datos","Soy un apasionado por la tecnología, la programación y el mundo web en general.Me encanta compartir mis ideas y conocimientos con mas gente y también aprender de ellos.","https://www.linkedin.com/feed/","https://cdn1.iconfinder.com/data/icons/user-pictures/101/malecostume-512.png"),
("55889b51-badc-4a24-b4ad-d9c7b72509a1","Angel","29","programador Java","Soy un apasionado por la tecnología, la programación y el mundo web en general.Me encanta compartir mis ideas y conocimientos con mas gente y también aprender de ellos.","https://www.linkedin.com/feed/","https://cdn1.iconfinder.com/data/icons/user-pictures/101/malecostume-512.png"),
("6071f566-64e3-45e8-aca8-aeec18ff2249","María","27","recruiter","soy una persona apasionada por su trabajo, por la tecnología en general y trabajo en el departamento de Recursos Humanos en una empresa puntera en software.","https://www.linkedin.com/feed/","https://image.flaticon.com/icons/svg/194/194938.svg"),
("f9177025-7391-426b-a0b3-6326b899cae1","Rebeca","34","programadora Java","Soy un apasionada por la tecnología, la programación y el mundo web en general.Me encanta compartir mis ideas y conocimientos con mas gente y también aprender de ellos.","https://www.linkedin.com/feed/","https://image.flaticon.com/icons/svg/194/194938.svg"),
("032d9a72-9799-4777-80b4-18dd870e6f90","Lucía","56","programadora JavaScript","Soy una apasionada por la tecnología, la programación y el mundo web en general.Me encanta compartir mis ideas y conocimientos con mas gente y también aprender de ellos.","https://www.linkedin.com/feed/","https://image.flaticon.com/icons/svg/194/194938.svg"),
("e9d6892d-b198-48d6-acaf-67b15731895e","Anselmo","54","recruiter","soy una persona apasionada por su trabajo, por la tecnología en general y trabajo en el departamento de Recursos Humanos en una empresa puntera en software.","https://www.linkedin.com/feed/","https://cdn1.iconfinder.com/data/icons/user-pictures/101/malecostume-512.png"),
("521b2ce8-427f-4eaf-bb1b-7c670cd4d1de","Aaron","33","programador JavaScript","Soy un apasionado por la tecnología, la programación y el mundo web en general.Me encanta compartir mis ideas y conocimientos con mas gente y también aprender de ellos.","https://www.linkedin.com/feed/","https://cdn1.iconfinder.com/data/icons/user-pictures/101/malecostume-512.png"),
("0949a141-0f30-46a7-9e35-04b9ede4fe8d","Silvia","35","Programadora Java","Soy una apasionada por la tecnología, la programación y el mundo web en general.Me encanta compartir mis ideas y conocimientos con mas gente y también aprender de ellos.","https://www.linkedin.com/feed/","https://image.flaticon.com/icons/svg/194/194938.svg"),
("6b6e1b63-fb6e-439f-a079-0d77ad543349","Santiago","37","experto en HTML y CSS","Soy un apasionado por la tecnología, la programación y el mundo web en general.Me encanta compartir mis ideas y conocimientos con mas gente y también aprender de ellos.","https://www.linkedin.com/feed/","https://cdn1.iconfinder.com/data/icons/user-pictures/101/malecostume-512.png"),
("c1a62c7d-cdf1-49de-a9f9-ca4da8673dfc","Patricio","26","programador Java","Soy un apasionado por la tecnología, la programación y el mundo web en general.Me encanta compartir mis ideas y conocimientos con mas gente y también aprender de ellos.","https://www.linkedin.com/feed/","https://cdn1.iconfinder.com/data/icons/user-pictures/101/malecostume-512.png"),
("5fd2ce85-9a2f-4c09-beff-a513e8c3ad42","Marta","22","experta en bases de datos","Soy una apasionada por la tecnología, la programación y el mundo web en general.Me encanta compartir mis ideas y conocimientos con mas gente y también aprender de ellos.","https://www.linkedin.com/feed/","https://image.flaticon.com/icons/svg/194/194938.svg"),
("bbd66057-3de8-4c3c-a517-489428d6576b","Romina","29","recruiter","soy una persona apasionada por su trabajo, por la tecnología en general y trabajo en el departamento de Recursos Humanos en una empresa puntera en software.","https://www.linkedin.com/feed/","https://image.flaticon.com/icons/svg/194/194938.svg"),
("b1814bcc-bb6c-4270-88ee-d70d3e0b9673","Pedro","28","experto en bases de datos","Soy un apasionado por la tecnología, la programación y el mundo web en general.Me encanta compartir mis ideas y conocimientos con mas gente y también aprender de ellos.","https://www.linkedin.com/feed/","https://cdn1.iconfinder.com/data/icons/user-pictures/101/malecostume-512.png"),
("989749b5-3841-4e4b-88e3-52208bb5faf3","Lara","28","programadora Java","Soy una apasionada por la tecnología, la programación y el mundo web en general.Me encanta compartir mis ideas y conocimientos con mas gente y también aprender de ellos.","https://www.linkedin.com/feed/","https://image.flaticon.com/icons/svg/194/194938.svg"),
("96b031e6-808f-4874-b2d4-17ded3ad3c31","Lisa","19","programadora JavaScript","Soy una apasionada por la tecnología, la programación y el mundo web en general.Me encanta compartir mis ideas y conocimientos con mas gente y también aprender de ellos.","https://www.linkedin.com/feed/","https://image.flaticon.com/icons/svg/194/194938.svg"),
("907b8a52-93d8-4538-bdbb-32778ffec375","Hector","48","programador JavaScript","Soy un apasionado por la tecnología, la programación y el mundo web en general.Me encanta compartir mis ideas y conocimientos con mas gente y también aprender de ellos.","https://www.linkedin.com/feed/","https://cdn1.iconfinder.com/data/icons/user-pictures/101/malecostume-512.png"),
("f4e449e9-7f05-428d-8fa3-ea274549361b","Victoria","48","recruiter","soy una persona apasionada por su trabajo, por la tecnología en general y trabajo en el departamento de Recursos Humanos en una empresa puntera en software.","https://www.linkedin.com/feed/","https://image.flaticon.com/icons/svg/194/194938.svg"),
("2e49b94e-75f8-41b3-8d7d-2d1c12f6d172","Yago","62","experto en HTML y CSS","Soy un apasionado por la tecnología, la programación y el mundo web en general.Me encanta compartir mis ideas y conocimientos con mas gente y también aprender de ellos.","https://www.linkedin.com/feed/","https://cdn1.iconfinder.com/data/icons/user-pictures/101/malecostume-512.png"),
("4f81ee62-241d-44f7-ad50-7ba95c803995","Lucio","50","experto en bases de datos","Soy un apasionado por la tecnología, la programación y el mundo web en general.Me encanta compartir mis ideas y conocimientos con mas gente y también aprender de ellos.","https://www.linkedin.com/feed/","https://cdn1.iconfinder.com/data/icons/user-pictures/101/malecostume-512.png"),
("7d82e748-e5d1-457c-ab91-1db48c46747d","Soledad","39","experta en HTML y CSS","Soy una apasionada por la tecnología, la programación y el mundo web en general.Me encanta compartir mis ideas y conocimientos con mas gente y también aprender de ellos.","https://www.linkedin.com/feed/","https://image.flaticon.com/icons/svg/194/194938.svg"),
("6bbd5504-d7f4-4b0b-9c90-69f383d31e06","Daniel","40","experto en HTML y CSS","Soy un apasionado por la tecnología, la programación y el mundo web en general.Me encanta compartir mis ideas y conocimientos con mas gente y también aprender de ellos.","https://www.linkedin.com/feed/","https://cdn1.iconfinder.com/data/icons/user-pictures/101/malecostume-512.png"),
("1f8e8644-7cfc-44a4-8a2b-e140574ef963","Sandra","41","recruiter","soy una persona apasionada por su trabajo, por la tecnología en general y trabajo en el departamento de Recursos Humanos en una empresa puntera en software.","https://www.linkedin.com/feed/","https://image.flaticon.com/icons/svg/194/194938.svg"),
("56d7e477-ebef-4b88-8c69-b4e5a87381ff","Mara","26","experta en bases de datos","Soy una apasionada por la tecnología, la programación y el mundo web en general.Me encanta compartir mis ideas y conocimientos con mas gente y también aprender de ellos.","https://www.linkedin.com/feed/","https://image.flaticon.com/icons/svg/194/194938.svg"),
("4d0094b6-0005-4b00-bf05-02c1cbfc4e77","Jose Manuel","28","experto en bases de datos","Soy un apasionado por la tecnología, la programación y el mundo web en general.Me encanta compartir mis ideas y conocimientos con mas gente y también aprender de ellos.","https://www.linkedin.com/feed/","https://cdn1.iconfinder.com/data/icons/user-pictures/101/malecostume-512.png");







  INSERT INTO Events (id,title,description,user_id,city_id,photo_url,address,place,event_date,event_hour,thematic_id,deleted_at,max_capacity) VALUES
  ("bc503b6f-e813-4340-9fa7-e9bb5ed964cd","Cena con Docker","Cena informal para intercambiar opiniones sobre proyectos gestionados con Docker","8d58cfa8-c52d-4e7b-b7c5-49ce8a470f50","5a3837fb-b4da-4550-b177-9c30c505cd52","https://cdn.computerhoy.com/sites/navi.axelspringer.es/public/styles/480/public/media/image/2019/03/lenguajes_programacion_odiados_amados_2019.jpg?itok=N85E5HTT","Calle de las Cigarreras, 10, 15006 A Coruña","La Estrella","2019-03-30","21:00:00","48s502ff-8b0b-4c9a-a594-5cb22550c7c8",NULL,"20"),
  ("80de205b-a64f-4f8a-a96a-c09ba0d121fd","Cañas de tarde JavaScript","si buscas trabajo,y tu especialidad es el JavaScript, únete a esta reunion y enseña tus conocimientos ","1f8e8644-7cfc-44a4-8a2b-e140574ef963","5c66391c-3ae0-4bc9-8309-b275f0687ca7","https://media.timeout.com/images/103617813/750/422/image.jpg","Av. de Alberto de Alcocer, 32, 28036 Madrid","Stop Madrid AfterWork","2019-03-25","20:15:00","1a9a2bdc-3a1c-445c-9d5a-e9a643f3baf1",NULL,"15"),
  ("da53892e-b847-498c-8e8e-47e470bda5a4","Cena con VUE","Cena informal para intercambiar opiniones sobre proyectos gestionados con VUE","55889b51-badc-4a24-b4ad-d9c7b72509a1","31cd9f5s-a7f2-42b9-8c6b-13a39ae7ccdf","https://miro.medium.com/max/3840/1*iXmVtJb1e25_VdeMhImXzg.jpeg","Carrer de Castella, 1, 08018 Barcelona","Kaizen AfterWork","2019-03-29","22:15:00","6e928ef1-7a87-4828-ac70-27172515aec1",NULL,"20"),
  ("5fb06e16-d206-426f-a087-4fd6c213e298","Paseo por Angular","Pinchos de tarde para ponernos al día en los proyectos que realizamos utilizando Angular","f9177025-7391-426b-a0b3-6326b899cae1","e5cdce3v-8ff2-442c-8e3e-dba89a476131","https://media.timeout.com/images/103617813/750/422/image.jpg","Calle Pagés del Corro, 76, 41010 Sevilla","Bar Las Golondrinas","2019-03-23","20:00:00","1a9a2bdc-3a1c-445c-9d5a-e9a643f3baf1",NULL,"20"),
  ("3267c6e8-0744-4be2-9026-8d224539cd3e","Reunion de Desarrolladores Java","Si te apasiona la programación Java únete a esta reunion e intercambiar conocimientos","032d9a72-9799-4777-80b4-18dd870e6f90","cbea7938-7726-4069-8995-9cf4f8d9988d","https://casbarcelona.org/wp-content/uploads/2018/03/Barcelona-existen-m%C3%BAltiples-pubs.jpg","Calle de las Cigarreras, 10, 15006 A Coruña","La Estrella","2019-03-22","19:00:00","db199630-c1bb-4f62-8a06-e83db045f58a",NULL,"20"),
  ("96f8eb4b-afe4-4971-a86d-9de2b5ffab65","Afterwork de MYSQL","Despues del trabajo que mejor para desconectar que intercambiar opiniones sobre bases de datos ","521b2ce8-427f-4eaf-bb1b-7c670cd4d1de","0581d1e3-d770-4c3c-9f7e-fe8e54a446d1","https://casbarcelona.org/wp-content/uploads/2018/03/Barcelona-existen-m%C3%BAltiples-pubs.jpg","Calle Puerto de Tarna, 11, 33011 Oviedo, Asturias","Taberna Salcedo","2019-03-27","19:30:00","8aab25b9-6fa6-4c20-985d-0576e6429be2",NULL,"10"),
  ("7c1de2c1-cb01-40b0-86f1-a97ff7dc7fdf","Afterwork con Docker","Si Docker es lo que utilizas en el día a día , apúntate a unos vinitos y cuéntanos tus experiencias","0949a141-0f30-46a7-9e35-04b9ede4fe8d","347758a4-c11b-4878-9ebb-d61f2d32da7d","https://casbarcelona.org/wp-content/uploads/2018/03/Barcelona-existen-m%C3%BAltiples-pubs.jpg","Passeig de Vara de Rey, 2, 07800 Eivissa, Illes Balears","Café Montesol","2020-03-12","20:00:00","48s502ff-8b0b-4c9a-a594-5cb22550c7c8",NULL,"15"),
  ("f66a6ec2-cd6d-47a3-8aa1-adc33ac1eba7","Afterwork con VUE"," VUE esta haciéndose cada vez mas hueco entre los programadores, asique apúntate e intercambia tus opiniones ","6b6e1b63-fb6e-439f-a079-0d77ad543349","759d32c2-08cf-47b6-9cf6-8467df65a1f7","https://casbarcelona.org/wp-content/uploads/2018/03/Barcelona-existen-m%C3%BAltiples-pubs.jpg","Calle Burgo Nuevo, 34, 24001 León","Cervecería Odín","2020-03-10","20:10:00","6e928ef1-7a87-4828-ac70-27172515aec1",NULL,"20"),
  ("4e4586b8-2745-4ac2-a5b3-b1fd77583f77","Paseo con Java","si buscas trabajo,y eres programador Java, únete a esta reunion y enseña tus conocimientos","6071f566-64e3-45e8-aca8-aeec18ff2249","5a3837fb-b4da-4550-b177-9c30c505cd52","https://cdn.computerhoy.com/sites/navi.axelspringer.es/public/styles/480/public/media/image/2019/03/lenguajes_programacion_odiados_amados_2019.jpg?itok=N85E5HTT","Calle de las Cigarreras, 10, 15006 A Coruña","La Estrella","2020-03-07","20:00:00","db199630-c1bb-4f62-8a06-e83db045f58a",NULL,"25"),
  ("240c7a96-8c01-4e3a-a9d1-408c39336ae4","Cena y charla sobre Java","Hablaremos sobre programación Java,entornos web y discutiremos sobre nuestros proyectos","c1a62c7d-cdf1-49de-a9f9-ca4da8673dfc","5a3837fb-b4da-4550-b177-9c30c505cd52","https://s3-eu-west-1.amazonaws.com/privateaser-media/etab_photos/5568/1500x750/35309.jpg","Calle de las Cigarreras, 10, 15006 A Coruña","La Estrella","2020-03-15","22:30:00","db199630-c1bb-4f62-8a06-e83db045f58a",NULL,"20"),
  ("d2d00728-8f85-4b07-bc10-4fd1516f85fa","Comida con Bases de Datos","si buscas trabajo,y trabajas con Bases de Datos, únete a esta reunion y enseña tus conocimientos","e9d6892d-b198-48d6-acaf-67b15731895e","5c66391c-3ae0-4bc9-8309-b275f0687ca7","https://s3-eu-west-1.amazonaws.com/privateaser-media/etab_photos/5568/1500x750/35309.jpg","Av. de Alberto de Alcocer, 32, 28036 Madrid","Stop Madrid AfterWork","2020-03-11","14:00:00","8aab25b9-6fa6-4c20-985d-0576e6429be2",NULL,"20"),
  ("5980d8fa-7618-4f31-ba23-c39db1482759","Comida con VUE","Comida informal para intercambiar opiniones sobre proyectos gestionados con VUE","5fd2ce85-9a2f-4c09-beff-a513e8c3ad42","5c66391c-3ae0-4bc9-8309-b275f0687ca7","https://s3-eu-west-1.amazonaws.com/privateaser-media/etab_photos/5568/1500x750/35309.jpg","Av. de Alberto de Alcocer, 32, 28036 Madrid","Stop Madrid AfterWork","2020-03-15","14:30:00","6e928ef1-7a87-4828-ac70-27172515aec1",NULL,"20"),
  ("df2448dc-fc91-4e9c-be5e-ec02e4297cd6","Cena con JavaScript","Cena informal para intercambiar opiniones y conocimientos sobre JavaScript","b1814bcc-bb6c-4270-88ee-d70d3e0b9673","0581d1e3-d770-4c3c-9f7e-fe8e54a446d1","https://cdn.computerhoy.com/sites/navi.axelspringer.es/public/styles/480/public/media/image/2019/03/lenguajes_programacion_odiados_amados_2019.jpg?itok=N85E5HTT","Calle Puerto de Tarna, 11, 33011 Oviedo, Asturias","Taberna Salcedo","2020-03-10","20:45:00","1a9a2bdc-3a1c-445c-9d5a-e9a643f3baf1",NULL,"12"),
  ("eabb221c-c4d2-4f0c-bae0-a7e50e149720","Charla sobre React","si buscas trabajo,y tu especialidad es React, únete a esta reunion y enseña tus conocimientos","bbd66057-3de8-4c3c-a517-489428d6576b","0581d1e3-d770-4c3c-9f7e-fe8e54a446d1","https://cdn.computerhoy.com/sites/navi.axelspringer.es/public/styles/480/public/media/image/2019/03/lenguajes_programacion_odiados_amados_2019.jpg?itok=N85E5HTT","Calle Puerto de Tarna, 11, 33011 Oviedo, Asturias","Taberna Salcedo","2020-03-08","20:00:00","bc4e7051-149e-475f-ac33-2394565be645",NULL,"20"),
  ("55834cda-1a85-4e09-be0d-0e3e03833e16","Desayuno con Node","Si Node es con lo que trabajas día a día, vente a desayunar,charlar e intercambiar opiniones","989749b5-3841-4e4b-88e3-52208bb5faf3","e5cdce3v-8ff2-442c-8e3e-dba89a476131","https://i1.wp.com/migueleonardortiz.com.ar/wp-content/uploads/2015/11/node_js.png?fit=1200%2C675","Calle Pagés del Corro, 76, 41010 Sevilla","Bar Las Golondrinas","2020-03-08","09:30:00","1a9a2bdc-3a1c-445c-9d5a-e9a643f3baf1",NULL,"20"),
  ("cd147bb9-c743-4a5f-a97a-d3f6eef832c3","Desayuno con Estilos CSS","si te apasiona maquetar, los colores y el diseño,apúntate a esta reunión y conocer los estilos mas usados por  profesionales","96b031e6-808f-4874-b2d4-17ded3ad3c31","e5cdce3v-8ff2-442c-8e3e-dba89a476131","https://miro.medium.com/max/12000/0*7QUpKvHVkIAO3FIy","Calle Pagés del Corro, 76, 41010 Sevilla","Bar Las Golondrinas","2020-03-12","10:30:00","77ab6eb2-9f16-470d-bb9c-90d37ed2979d",NULL,"20"),
  ("54e40d1f-6c56-4eb9-9200-bc09d3fc4169","Cañas con <HTML>","si buscas trabajo,y tu especialidad es el HTML y la maquetación , únete a esta reunion y enseña tus conocimientos","f4e449e9-7f05-428d-8fa3-ea274549361b","31cd9f5s-a7f2-42b9-8c6b-13a39ae7ccdf","https://miro.medium.com/max/12000/0*7QUpKvHVkIAO3FIy","Carrer de Castella, 1, 08018 Barcelona","Kaizen AfterWork","2020-03-10","20:10:00","465365a1-c680-4165-908c-862c05e3ac4a",NULL,"20"),
  ("d4d0c970-0c73-49fb-813f-ed9716e85958","Pinchos con <HTML>","pinchos informales para ponernos al día sobre las últimas actualizaciones de HTML.Apúntate y enseñanos tus técnicas de maquetación","907b8a52-93d8-4538-bdbb-32778ffec375","31cd9f5s-a7f2-42b9-8c6b-13a39ae7ccdf","https://miro.medium.com/max/12000/0*7QUpKvHVkIAO3FIy","Carrer de Castella, 1, 08018 Barcelona","Kaizen AfterWork","2020-03-07","18:00:00","465365a1-c680-4165-908c-862c05e3ac4a",NULL,"20"),
  ("22940d14-6def-4a4c-9e97-23da09af6840","Comida sobre CSS ","si te apasiona maquetar, los colores y el diseño,apúntate a esta reunión y conocer los estilos mas usados por mas profesionales","2e49b94e-75f8-41b3-8d7d-2d1c12f6d172","cbea7938-7726-4069-8995-9cf4f8d9988d","https://miro.medium.com/max/12000/0*7QUpKvHVkIAO3FIy","Calle de las Cigarreras, 10, 15006 A Coruña","La Estrella","2020-03-09","15:15:00","77ab6eb2-9f16-470d-bb9c-90d37ed2979d",NULL,"10"),
  ("cf531784-7a15-40ad-b208-ccfb27697779","Estilos y Cañas","si te apasiona maquetar, y el diseño,apúntate a este AfterWork y conoce los estilos mas usados por los  profesionales","4f81ee62-241d-44f7-ad50-7ba95c803995","347758a4-c11b-4878-9ebb-d61f2d32da7d","https://miro.medium.com/max/12000/0*7QUpKvHVkIAO3FIy","Passeig de Vara de Rey, 2, 07800 Eivissa, Illes Balears","Café Montesol","2020-03-14","18:30:00","77ab6eb2-9f16-470d-bb9c-90d37ed2979d",NULL,"20"),
  ("92a864b4-089a-4aa1-943b-6690115e4173","charlando con VUE","¿Quieres ampliar tus conocimientos de VUE? vente a tomar un café y compartir tus experiencias y aprender un poquito de algunos profesionales","7d82e748-e5d1-457c-ab91-1db48c46747d","347758a4-c11b-4878-9ebb-d61f2d32da7d","https://www.sophiadigital.es/wp-content/uploads/2017/05/que-son-los-geeks-sophiadigital.jpg","Passeig de Vara de Rey, 2, 07800 Eivissa, Illes Balears","Café Montesol","2020-03-17","20:00:00","6e928ef1-7a87-4828-ac70-27172515aec1",NULL,"8"),
  ("5445cfc4-8a4a-42e0-bfaf-e86f67a54919","Compartiendo Docker","Cena informal para intercambiar opiniones sobre proyectos gestionados con Docker","6bbd5504-d7f4-4b0b-9c90-69f383d31e06","759d32c2-08cf-47b6-9cf6-8467df65a1f7","https://www.sophiadigital.es/wp-content/uploads/2017/05/que-son-los-geeks-sophiadigital.jpg","Calle Burgo Nuevo, 34, 24001 León","Cervecería Odín","2020-03-14","22:10:00","48s502ff-8b0b-4c9a-a594-5cb22550c7c8",NULL,"20"),
  ("29a6ed59-b5f8-408f-8eaa-f8228efa1ae0","Compartiendo React","Si utilizas React y quieres aprender mas sobre este Framework únete a este AfterWork y comparte tus conocimientos","56d7e477-ebef-4b88-8c69-b4e5a87381ff","759d32c2-08cf-47b6-9cf6-8467df65a1f7","https://www.sophiadigital.es/wp-content/uploads/2017/05/que-son-los-geeks-sophiadigital.jpg","Calle Burgo Nuevo, 34, 24001 León","Cervecería Odín","2020-03-16","19:00:00","1689c313-c7af-497a-b05f-b376c773b038",NULL,"15"),
  ("074f546d-860c-49ba-9ed2-185933c7aa3d","Cenando Con Bases de Datos","Si te apasionan los datos , vente a cenar y a charlar sobre MYSQL o MongoDB","4d0094b6-0005-4b00-bf05-02c1cbfc4e77","e5cdce3v-8ff2-442c-8e3e-dba89a476131","https://miro.medium.com/max/3840/1*iXmVtJb1e25_VdeMhImXzg.jpeg","Calle Pagés del Corro, 76, 41010 Sevilla","Bar Las Golondrinas","2020-03-09","21:30:00","8aab25b9-6fa6-4c20-985d-0576e6429be2",NULL,"20");
 






